{
    "description": "save data",
    "torqueLog": [
        0.9304029941558838,
        1.2234430313110352,
        0.9978020191192627,
        1.1443220376968384,
        1.1062270402908326,
        1.0710619688034058,
        0.9714279770851135,
        1.062270998954773,
        1.3406590223312379,
        1.3670330047607422,
        1.4637360572814942,
        1.2380950450897217,
        1.3172160387039185,
        0.991940975189209,
        1.3553110361099244,
        1.3670330047607422,
        1.1501829624176026,
        1.1794869899749756,
        0.9509159922599793,
        1.3260070085525513,
        1.2967029809951783,
        1.2234430313110352,
        0.9684979915618897,
        1.4520139694213868,
        1.5985349416732789,
        0.6315019726753235,
        0.7868130207061768
    ],
    "timestamp": [
        82177,
        82278,
        82378,
        82478,
        82678,
        82888,
        83088,
        83898,
        84098,
        84298,
        84498,
        84698,
        84908,
        85008,
        85108,
        85308,
        85508,
        85808,
        86018,
        86218,
        86418,
        86618,
        86718,
        86818,
        86928,
        87028,
        87228
    ]
}
