{
    "description": "save data",
    "torqueLog": [
        1.7479850053787232,
        1.789011001586914,
        1.6688640117645264,
        1.6073260307312012,
        1.5838830471038819,
        1.648352026939392,
        1.3934060335159302,
        1.4695969820022584,
        1.405128002166748,
        1.4813179969787598,
        1.6717950105667115,
        1.5809520483016968,
        1.5780220031738282,
        1.5780220031738282,
        1.475458025932312,
        1.4666670560836793,
        1.3435900211334229,
        1.2996339797973633,
        1.5340659618377686,
        1.3846149444580079,
        1.2234430313110352,
        1.2615389823913575,
        1.2586079835891724,
        1.3172160387039185,
        1.1970700025558472,
        1.3963370323181153,
        1.408059000968933,
        1.1531130075454713,
        1.3406590223312379,
        1.4197800159454346,
        1.5311360359191895,
        1.2673989534378052,
        1.0183149576187134,
        1.0300359725952149,
        1.2410249710083008
    ],
    "timestamp": [
        966128,
        966328,
        966528,
        966738,
        966838,
        966938,
        967038,
        967138,
        967338,
        967538,
        967748,
        967948,
        968148,
        968348,
        968548,
        968658,
        968758,
        968858,
        968958,
        969058,
        969158,
        969358,
        969558,
        969768,
        969868,
        969968,
        970068,
        970168,
        970268,
        970367,
        970468,
        970568,
        970678,
        970778,
        970978
    ]
}
