{
    "description": "save data",
    "torqueLog": [
        1.0358970165252686,
        0.5699629783630371,
        0.9714279770851135,
        0.857142984867096,
        1.0798540115356446,
        1.2205129861831666,
        0.921612024307251,
        1.2849819660186768,
        1.2879120111465455,
        1.021245002746582,
        1.1032969951629639,
        1.4139189720153809,
        1.1413919925689698,
        1.235164999961853,
        1.5340659618377686,
        1.3230769634246827,
        1.67472505569458,
        1.6278389692306519,
        1.4520139694213868,
        1.4197800159454346,
        1.542857050895691,
        1.4871790409088135,
        1.3904759883880616,
        1.8241759538650513,
        1.5692310333251954,
        1.7333329916000367,
        1.8124539852142335,
        1.8329670429229737,
        1.759706974029541,
        1.9941389560699463,
        1.7684979438781739,
        1.7421250343322755,
        1.7948720455169678,
        1.9238100051879883,
        2.0351650714874269,
        2.0937728881835939,
        1.888645052909851,
        2.058608055114746,
        1.958974003791809,
        1.8241759538650513,
        2.0967040061950685,
        2.0058610439300539,
        2.0117220878601076,
        2.2197799682617189,
        2.169964075088501,
        2.1084249019622804,
        2.067399024963379,
        2.3692309856414797,
        2.2461540699005129,
        2.2051289081573488,
        1.9062269926071168,
        2.038094997406006,
        2.038094997406006,
        2.0879130363464357,
        2.3340659141540529
    ],
    "timestamp": [
        2542650,
        2542751,
        2542852,
        2542953,
        2543054,
        2543155,
        2543256,
        2543357,
        2543458,
        2543559,
        2543660,
        2543761,
        2543862,
        2543963,
        2544064,
        2544165,
        2544266,
        2544367,
        2544468,
        2544569,
        2544670,
        2544771,
        2544872,
        2544973,
        2545074,
        2545175,
        2545276,
        2545377,
        2545478,
        2545579,
        2545680,
        2545781,
        2545882,
        2545983,
        2546084,
        2546185,
        2546286,
        2546387,
        2546488,
        2546589,
        2546690,
        2546791,
        2546892,
        2546993,
        2547094,
        2547195,
        2547296,
        2547397,
        2547498,
        2547599,
        2547700,
        2547801,
        2547902,
        2548003,
        2548104
    ]
}
