{
    "description": "save data",
    "torqueLog": [
        0.06300400197505951,
        0.11282099783420563,
        0.04249100014567375,
        0.07179500162601471,
        -0.05128199979662895,
        -0.07765600085258484,
        -0.02490900084376335,
        -0.09523800015449524,
        -0.007325999904423952,
        0.04835199937224388,
        0.016116999089717866,
        0.08351700007915497,
        -0.1421249955892563,
        0.03663000091910362,
        0.02490900084376335,
        -0.027838999405503274,
        0.03663000091910362,
        0.007325999904423952,
        0.004395000170916319,
        -0.06886400282382965,
        0.18314999341964723,
        0.04835199937224388,
        -0.05714299902319908,
        0.03663000091910362,
        0.02490900084376335,
        -0.013186999596655369,
        0.13626399636268617,
        -0.016116999089717866
    ],
    "timestamp": [
        97944,
        98045,
        98146,
        98247,
        98348,
        98449,
        98550,
        98651,
        98752,
        98853,
        98954,
        99055,
        99156,
        99257,
        99358,
        99459,
        99560,
        99661,
        99762,
        99863,
        99964,
        100065,
        100166,
        100267,
        100368,
        100469,
        100570,
        100671
    ]
}
