{
    "description": "save data",
    "torqueLog": [
        1.9648350477218629,
        1.9912090301513672,
        2.375092029571533,
        2.328205108642578,
        2.354578971862793,
        2.0937728881835939,
        2.2725279331207277,
        1.689376950263977,
        1.9619050025939942,
        1.8534799814224244,
        2.5509159564971926,
        2.2461540699005129,
        2.1611719131469728,
        2.1025640964508058,
        1.997069001197815,
        1.9824179410934449,
        2.3516480922698976,
        2.1377289295196535,
        2.319413900375366,
        2.0967040061950685,
        2.076190948486328,
        1.9062269926071168,
        2.1611719131469728,
        2.0615389347076418,
        2.169964075088501,
        2.15238094329834,
        2.134799003601074,
        2.0820510387420656,
        2.1934070587158205,
        2.1406590938568117,
        2.15238094329834,
        2.0791211128234865
    ],
    "timestamp": [
        993500,
        993601,
        993803,
        993904,
        994005,
        994207,
        994510,
        994611,
        994712,
        994914,
        995015,
        995318,
        995520,
        995722,
        995924,
        996126,
        996328,
        996530,
        996732,
        996934,
        997136,
        997338,
        997540,
        997742,
        997843,
        997944,
        998146,
        998348,
        998550,
        998752,
        998954,
        999156
    ]
}
