{
    "description": "save data",
    "torqueLog": [
        0.9157509803771973,
        1.024176001548767,
        1.2380950450897217,
        1.1267399787902833,
        1.0329669713974,
        0.8337000012397766,
        0.7575089931488037,
        0.8424909710884094,
        1.0007319450378419,
        0.8923079967498779,
        0.8102560043334961,
        0.637362003326416,
        0.3560439944267273,
        0.7985349893569946,
        0.716484010219574,
        0.7399269938468933,
        0.8454210162162781,
        1.4989010095596314,
        1.3699630498886109,
        1.4520139694213868,
        1.6249079704284669,
        1.5311360359191895,
        1.8212449550628663,
        1.54578697681427,
        1.575091004371643,
        1.3172160387039185,
        1.37875497341156,
        1.5692310333251954,
        1.4256409406661988
    ],
    "timestamp": [
        608210,
        608520,
        608720,
        608920,
        609330,
        609430,
        609530,
        609630,
        609929,
        610130,
        610640,
        610740,
        610840,
        610940,
        611040,
        611240,
        611450,
        611850,
        612050,
        612150,
        612460,
        612560,
        612660,
        612860,
        613060,
        613259,
        613370,
        613470,
        613570
    ]
}
